{"cameraMode":{"drawMode":0,"name":"Shaded","section":"Shading Mode"},"sceneLighting":false,"audioPlay":false,"sceneViewState":{"showFog":true,"showMaterialUpdate":false,"showSkybox":false,"showFlares":true,"showImageEffects":true,"showParticleSystems":true},"in2DMode":false,"pivot":{"x":-4.03564453125,"y":-2.5784506797790529,"z":3.4296875},"rotation":{"x":0.032987747341394427,"y":-0.019488105550408365,"z":0.0006432903464883566,"w":0.9992659091949463},"size":11.962272644042969,"orthographic":true}