{"cameraMode":{"drawMode":0,"name":"Shaded","section":"Shading Mode"},"sceneLighting":false,"audioPlay":false,"sceneViewState":{"showFog":true,"showMaterialUpdate":false,"showSkybox":false,"showFlares":true,"showImageEffects":true,"showParticleSystems":true},"in2DMode":false,"pivot":{"x":6.510000228881836,"y":0.030000001192092897,"z":0.0},"rotation":{"x":0.032987747341394427,"y":-0.019488105550408365,"z":0.0006432903464883566,"w":0.9992659091949463},"size":1.8314260244369507,"orthographic":true}